model,fold,n_train,n_test,f1_nc,f1_macro,balanced_accuracy,brier,average_precision_nc,coverage,selective_accuracy,raw_f1_nc,raw_brier,generated_train,train_weight
atual,1,741,186,0.875,0.8813775510204082,0.8813775510204082,0.0928657488052142,0.9284156245513827,0.7473118279569892,0.920863309352518,0.8850574712643678,0.12988736881165588,741,741.0
atual,2,741,186,0.9456521739130435,0.9462303422756706,0.9475269315417583,0.056476813253860135,0.9766925747323518,0.6612903225806451,0.991869918699187,0.9398907103825137,0.11715578258792508,741,741.0
atual,3,742,185,0.935672514619883,0.9401980663551677,0.9390815370196813,0.05885918942847045,0.9748435591602975,0.7027027027027027,0.9692307692307692,0.935672514619883,0.11537879491659782,742,742.0
atual,4,742,185,0.8604651162790697,0.8696264975334742,0.8689081537019682,0.09852760516545635,0.9463733688032955,0.7567567567567568,0.9285714285714286,0.8452380952380952,0.12577357475532258,742,742.0
atual,5,742,185,0.8771929824561403,0.8858326721325928,0.8848992502343018,0.08385850522091337,0.9547962420995102,0.7405405405405405,0.9562043795620438,0.863905325443787,0.12456752922755039,742,742.0
normalizado,1,741,186,0.8700564971751412,0.8760538896132116,0.8762755102040816,0.09353473838346826,0.926581792189496,0.7580645161290323,0.9290780141843972,0.88,0.12960146452198876,741,741.0
normalizado,2,741,186,0.9230769230769231,0.9246963562753037,0.925518359782231,0.06254574263919221,0.9729166293260137,0.6559139784946236,0.9918032786885246,0.9273743016759777,0.11819782728541779,741,741.0
normalizado,3,742,185,0.9239766081871345,0.9293249875106526,0.9282450796626054,0.05833271961872961,0.979246379621312,0.6918918918918919,0.984375,0.9166666666666666,0.11391481974511895,742,742.0
normalizado,4,742,185,0.8470588235294118,0.8585294117647059,0.8575445173383318,0.09839823926355518,0.9480115667806531,0.7297297297297297,0.9407407407407408,0.8402366863905325,0.12453120654414732,742,742.0
normalizado,5,742,185,0.8850574712643678,0.8915083274689186,0.8911082474226804,0.08452586662293955,0.9516164967777011,0.7351351351351352,0.9558823529411765,0.8771929824561403,0.12534865187642485,742,742.0
augmentation,1,741,186,0.8863636363636364,0.8921614100185529,0.8921614100185529,0.09107513319106021,0.9288836771657331,0.7473118279569892,0.920863309352518,0.8850574712643678,0.12972451741737306,2206,741.0
augmentation,2,741,186,0.9456521739130435,0.9462303422756706,0.9475269315417583,0.05584412980920026,0.9773588655435123,0.6612903225806451,0.983739837398374,0.9340659340659341,0.1173305325622775,2205,741.0
augmentation,3,742,185,0.935672514619883,0.9401980663551677,0.9390815370196813,0.0593211041014423,0.973979671239837,0.7027027027027027,0.9615384615384616,0.935672514619883,0.11574107282512788,2216,742.0
augmentation,4,742,185,0.8538011695906432,0.8640865144435628,0.8632263355201499,0.09879676180717292,0.9465670799737929,0.7513513513513513,0.935251798561151,0.8520710059171598,0.1260870992390098,2213,742.0
augmentation,5,742,185,0.872093023255814,0.8804909560723514,0.8797446110590441,0.08496253268539718,0.9541314366996061,0.745945945945946,0.9565217391304348,0.863905325443787,0.12564231046994162,2220,742.0
normalizado_char,1,741,186,0.8813559322033898,0.8868318122555411,0.8870593692022264,0.08915574954200492,0.9363405216416473,0.7795698924731183,0.9241379310344827,0.896551724137931,0.12928165845994147,741,741.0
normalizado_char,2,741,186,0.9340659340659341,0.935454019664546,0.9362909764855786,0.05962745513464401,0.9727137317943697,0.6989247311827957,0.9769230769230769,0.9281767955801105,0.1215450321841159,741,741.0
normalizado_char,3,742,185,0.9418604651162791,0.9456777073056143,0.9447633552014996,0.045486368735511415,0.9871953445703958,0.7351351351351352,0.9926470588235294,0.935672514619883,0.11388970823169588,742,742.0
normalizado_char,4,742,185,0.8488372093023255,0.8587620389945971,0.8580716963448922,0.09732670353231197,0.9523958588419956,0.745945945945946,0.9565217391304348,0.8333333333333334,0.12698343023083808,742,742.0
normalizado_char,5,742,185,0.8926553672316384,0.8971048856883581,0.8973172446110591,0.0737296551899969,0.9677654428922677,0.7675675675675676,0.971830985915493,0.8901734104046243,0.12486391589857318,742,742.0
